#SampleID	barcode-sequence	LinkerPrimerSequence	Description	Color
10014a	CCTCGCATGACC	GTGTGYCAGCMGCCGCGGTAA	10014a	1
10024a	GGCGTAACGGCA	GTGTGYCAGCMGCCGCGGTAA	10024a	1
10034a	GCGAGGAAGTCC	GTGTGYCAGCMGCCGCGGTAA	10034a	1
10044a	CAAATTCGGGAT	GTGTGYCAGCMGCCGCGGTAA	10044a	1
10054a	TTGTGTCTCCCT	GTGTGYCAGCMGCCGCGGTAA	10054a	1
10064a	CAATGTAGACAC	GTGTGYCAGCMGCCGCGGTAA	10064a	11
10074a	AACCACTAACCG	GTGTGYCAGCMGCCGCGGTAA	10074a	1
10084a	AACTTTCAGGAG	GTGTGYCAGCMGCCGCGGTAA	10084a	1
10094a	CCAGGACAGGAA	GTGTGYCAGCMGCCGCGGTAA	10094a	2
10114a	GCGCGGCGTTGC	GTGTGYCAGCMGCCGCGGTAA	10114a	2
10124a	GTCGCTTGCACA	GTGTGYCAGCMGCCGCGGTAA	10124a	2
10134a	TCCGCCTAGTCG	GTGTGYCAGCMGCCGCGGTAA	10134a	2
10144a	CGCGCAAGTATT	GTGTGYCAGCMGCCGCGGTAA	10144a	2
10154a	AATACAGACCTG	GTGTGYCAGCMGCCGCGGTAA	10154a	22
10174a	GGACAAGTGCGA	GTGTGYCAGCMGCCGCGGTAA	10174a	3
10014b	TACGGTCTGGAT	GTGTGYCAGCMGCCGCGGTAA	10014b	3
10024b	TTCAGTTCGTTA	GTGTGYCAGCMGCCGCGGTAA	10024b	3
10034b	CCGCGTCTCAAC	GTGTGYCAGCMGCCGCGGTAA	10034b	3
10044b	CCGAGGTATAAT	GTGTGYCAGCMGCCGCGGTAA	10044b	3
10054b	AGATTCGCTCGA	GTGTGYCAGCMGCCGCGGTAA	10054b	3
10124b	TTGCCGCTCTGG	GTGTGYCAGCMGCCGCGGTAA	10124b	4
10064b	AGACTTCTCAGG	GTGTGYCAGCMGCCGCGGTAA	10064b	4
10074b	TCTTGCGGAGTC	GTGTGYCAGCMGCCGCGGTAA	10074b	4
10084b	CTATCTCCTGTC	GTGTGYCAGCMGCCGCGGTAA	10084b	4
10094b	AAGGCGCTCCTT	GTGTGYCAGCMGCCGCGGTAA	10094b	4
10134b	GATCTAATCGAG	GTGTGYCAGCMGCCGCGGTAA	10134b	4
10144b	CTGATGTACACG	GTGTGYCAGCMGCCGCGGTAA	10144b	4
10154b	ACGTATTCGAAG	GTGTGYCAGCMGCCGCGGTAA	10154b	4
10174b	GACGTTAAGAAT	GTGTGYCAGCMGCCGCGGTAA	10174b	5
10184a	TGGTGGAGTTTC	GTGTGYCAGCMGCCGCGGTAA	10184a	5
10184b	TTAACAAGGCAA	GTGTGYCAGCMGCCGCGGTAA	10184b	5
10194a	AACCGCATAAGT	GTGTGYCAGCMGCCGCGGTAA	10194a	5
10194b	CCACAACGATCA	GTGTGYCAGCMGCCGCGGTAA	10194b	5
10204a	AGTTCTCATTAA	GTGTGYCAGCMGCCGCGGTAA	10204a	5
10204b	GAGCCATCTGTA	GTGTGYCAGCMGCCGCGGTAA	10204b	5
10015a	TAGACCGACTCC	GTGTGYCAGCMGCCGCGGTAA	10015a	5
10015b	TGGAATTCGGCT	GTGTGYCAGCMGCCGCGGTAA	10015b	5
10025a	GAAGATCTATCG	GTGTGYCAGCMGCCGCGGTAA	10025a	5
10025b	ATCGCCGCCTTG	GTGTGYCAGCMGCCGCGGTAA	10025b	5
10035a	TAGTGTCGGATC	GTGTGYCAGCMGCCGCGGTAA	10035a	5
10035b	TCAAGCAATACG	GTGTGYCAGCMGCCGCGGTAA	10035b	5
10045a	AGGGAGCTTCGG	GTGTGYCAGCMGCCGCGGTAA	10045a	6
10045b	CTGGTAAGTCCA	GTGTGYCAGCMGCCGCGGTAA	10045b	6
10055a	GGACTTCCAGCT	GTGTGYCAGCMGCCGCGGTAA	10055a	6
10055b	GGAGGAGCAATA	GTGTGYCAGCMGCCGCGGTAA	10055b	6
10065a	CATGAACAGTGT	GTGTGYCAGCMGCCGCGGTAA	10065a	6
10065b	TAGGTAACCGAT	GTGTGYCAGCMGCCGCGGTAA	10065b	6
10075a	GGAATCCGATTA	GTGTGYCAGCMGCCGCGGTAA	10075a	6
10115a	TTCCCACCCATT	GTGTGYCAGCMGCCGCGGTAA	10115a	6
10125a	GTCCCAGTCCCA	GTGTGYCAGCMGCCGCGGTAA	10125a	6
10125b	AGCCAGTCATAC	GTGTGYCAGCMGCCGCGGTAA	10125b	6
10135a	GTGTAATGTAGA	GTGTGYCAGCMGCCGCGGTAA	10135a	6
10135b	ATACTGAGTGAA	GTGTGYCAGCMGCCGCGGTAA	10135b	66
10145a	TGTATGCTTCTA	GTGTGYCAGCMGCCGCGGTAA	10145a	6
10145b	GAACTCGCTATG	GTGTGYCAGCMGCCGCGGTAA	10145b	6
10155a	CGATATCAGTAG	GTGTGYCAGCMGCCGCGGTAA	10155a	6
10155b	TCGTAGTAATGG	GTGTGYCAGCMGCCGCGGTAA	10155b	6
10175a	CGGGTCCTCTTG	GTGTGYCAGCMGCCGCGGTAA	10175a	6
10175b	GTCGGGCCGGTA	GTGTGYCAGCMGCCGCGGTAA	10175b	6
10185a	TCCGACCCGATC	GTGTGYCAGCMGCCGCGGTAA	10185a	6
10185b	CCGCATGACCTA	GTGTGYCAGCMGCCGCGGTAA	10185b	6
10195a	CACTAGACCCAC	GTGTGYCAGCMGCCGCGGTAA	10195a	6
10205a	AGTAATAACAAG	GTGTGYCAGCMGCCGCGGTAA	10205a	6
10205b	CTTCTTCGCCCT	GTGTGYCAGCMGCCGCGGTAA	10205b	7
10275b	TACACGCTGATG	GTGTGYCAGCMGCCGCGGTAA	10275b	7
10295b	GACGTCCCTCCA	GTGTGYCAGCMGCCGCGGTAA	10295b	7